Guidance,
Not Caring,
Safe,
Inspired,
Hate,
Scared,
Mad,
Stress,
Happy,
Sad,
Volunteering,
Altruism,
Loss,
Pride,
Pain,
Anger,
Fear,
Guilt,
Shame,
Down Syndrome,
Anorexia,
Bulemia,
Recovery,
Resilency,
Community,
Death,
Home & Belongings,
Substance Abuse,
Trauma,
PTSD,
Intergenerational Trauma,
Conflict,
Sense of Belonging,
Marriage,
Connection,
Refugee due to War,
Absense of Trust,
Non-Acceptance,
Violence,
Grace,
Acceptance,
Interfaith,
Adolescense,
LGBT,
Childhood,
Multi-Cultural,
Unity,
Division,
Balkanization,
Hierarchical,
Egalitarian,
Individualism,
Betrayal,
Forgiveness,
Social Injustice,
Activism,
Conflict Resolution,
Absense of War,
Dayton Peace Agreement,
Unemployment,
Community Initiatives,
Community Participation,
Poverty,
Income,
Discrimination,
Anti-Semitism,
Rape,
Genocide,
Xenophobia,
Denial,
Inquisitive,
Unknown,
Beautiful,
Dark,
Disturbing,
Light,
Ethnicity,
Disaster,
War,
Attack,
Enemies,
Shootings,
Defense,
Grenades,
Natural,
Flood,
Buildings,
Malls,
Government,
Lack of Funding,
Military,
Petitions,
Politics,
Census,
Constitution,
Corruption,
Home,
Museum,
Relgious Institution,
Synagogue,
Cemetary,
Church,
Cathedral,
Mosque,
War-Torn,
Past,
Present,
Future,
Hope,
Religion,
Religious Symbol,
Absence,
Gender Inequality,
Careers,
Nepotism,
Direction,
Management,
Intelligence,
Advice,
Instruction,
Protected,
Intact,
Secure,
Snug,
Okay,
Influenced,
Exhilarated,
Started,
Moved,
Animated,
Antagonism,
Enmity,
Hostility,
Revenge,
Afraid,
Fearful,
Anxious,
Startled,
Panicky,
Fantastic,
Frenzied,
Delirious,
Kooky,
Nutty,
Weight,
Force,
Importance,
Accent,
Beat,
Cheerful,
Contented,
Overjoyed,
Ecstatic,
Elated,
Pessimistic,
Melancholy,
Bitter,
Somber,
Dismal,
Suggest,
Come Forward,
Enlist,
Tender,
Advance,
Benevolence,
Kindness,
Philanthropy,
Magnanimity,
Charity,
Debt,
Accident,
Fall,
Damage,
Dignity,
Self-Respect,
Self-Confidence,
Joy,
Satisfaction,
Cramp,
Fever,
Burn,
Sickness,
Soreness,
Annoyance,
Acrimony,
Impatience,
Rage,
Dismay,
Anxiety,
Angst,
Horror,
Unease,
Culpability,
Disgrace,
Regret,
Indiscretion,
Liability,
Humiliation,
Confusion,
Irritation,
Remorse,
Attenuation,
Consumption,
Withering,
Thinness,
Malnutrition,
Bulimias,
Bulimic,
Blemish,
Balm,
Bulla,
Return,
Improvement,
Resumption,
Readjustment,
Restoration,
Resilience,
Residency,
Residence,
Neighborhood,
Center,
District,
People,
Company,
Ruination,
Decease,
Downfall,
Dissolution,
Repose,
Blow,
Ordeal,
Upheaval,
Torture,
Combat Fatigue,
Shell Shock,
Combat Disorder,
Combat Neurosis,
Complete Exhaustion,
Combat,
Clash,
Competition,
Strife,
Struggle,
Merger,
Wedding,
Alliance,
Amalgamation,
Wedlock,
Contact,
Relation,
Network,
Acquaintance,
Associate,
Rejection,
Veto,
Disapproval,
Repudiation,
Rebuttal,
Rampage,
Disturbance,
Brutality,
Agility,
Finesse,
Beauty,
Dexterity,
Acknowledgment,
Consent,
Admission,
Compliance,
Cooperation,
Unfaith,
On Faith,
Un Faith,
Un-Faith,
Inter Face,
Adolescents,
Adolescent,
Leg It,
Legate,
Legist,
Jabot,
Lubed,
Nonage,
Juvenility,
Minority,
Puberty,
Infancy,
Global,
Universal,
Worldwide,
Continental,
Multicultural,
Unanimity,
Peace,
Agreement,
Consensus,
Unification,
Distribution,
Selection,
Disunion,
Disjuncture,
Hierarchic,
Ranked,
Stratified,
Ordered,
Graded,
Equitable,
Democratic,
Even-Handed,
Impartial,
Just,
Individuality,
Status,
Name,
Singleness,
Self,
Treachery,
Sellout,
Deception,
Dishonesty,
Treason,
Reprieve,
Mercy,
Remission,
Compassion,
Vindication,
Involvement,
Militancy,
Advocacy,
Striking,
Logrolling,
Drop,
Sag,
Dislocation,
Crisis,
Bankruptcy,
Hardship,
Lack,
Famine,
Salary,
Wage,
Revenue,
Profit,
Pay,
Intolerance,
Inequity,
Favoritism,
Bigotry,
Prejudice,
Racism,
Race Discrimination,
Race Prejudice,
Race Snobbery,
Racialism,
Abduction,
Maltreatment,
Abuse,
Violation,
Despoliation,
Massacre,
Carnage,
Slaughter,
Mass Murder,
Holocaust,
Bias,
Analytical,
Nosy,
Forward,
Impertinent,
Inquiring,
Unexplored,
Exotic,
Unidentified,
Remote,
Undiscovered,
Alluring,
Cute,
Fascinating,
Magnificent,
Marvelous,
Dim,
Misty,
Murky,
Shadowy,
Overcast,
Troublesome,
Embarrassing,
Annoying,
Worrisome,
Distressing,
Sunny,
Bright,
Shiny,
Luminous,
Rich,
Nationality,
Race,
Identity,
Origin,
Background,
Harm,
Crash,
Catastrophe,
Emergency,
Failure,
Warfare,
Fighting,
Raid,
Intrusion,
Onslaught,
Offensive,
Murderer,
Spy,
Terrorist,
Competitor,
Attacker,
Gunfire,
Firing,
Blasting,
Gunning,
Discharging,
Shield,
Fence,
Wall,
Resistance,
Guard,
Explosive,
Shell,
Missile,
Pineapple,
Fireball,
Innate,
Logical,
Legitimate,
Reasonable,
Instinctive,
Deluge,
Downpour,
Glut,
Flow,
Spate,
Hut,
House,
Construction,
Architecture,
Shopping Center,
Plaza,
Market,
Mart,
Shopping Mall,
Power,
Ministry,
Union,
Authority,
State,
Army,
Militant,
Martial,
Combatant,
Application,
Prayer,
Request,
Suit,
Memorial,
Legislature,
Electioneering,
Zoo,
Polity,
Poll,
Enumeration,
Statistics,
Demography,
Demographics,
Structure,
Nature,
Form,
Habit,
Character,
Fraud,
Crime,
Exploitation,
Malfeasance,
Central,
Family,
Familiar,
Household,
Local,
Building,
Foundation,
Salon,
Library,
Gallery,
Parish,
Temple,
Shrine,
House Of Worship,
Century,
Geometry,
Smeary,
Centra,
Sectary,
Sanctuary,
Basilica,
House Of God,
Wast On,
Wert Born,
Wanton,
A Turn,
Carton,
Prior,
Completed,
Spent,
Former,
Previous,
Current,
Coeval,
Prompt,
Being,
Modern,
Prospective,
Eventual,
Subsequent,
Planned,
Imminent,
Prospect,
Desire,
Confidence,
Anticipation,
Belief,
Mythology,
Myth,
Creed,
Ritual,
Superstition,
Cut,
Vacancy,
Hooky,
Absenteeism,
Truancy,
Course,
Orbit,
Passage,
Pilgrimage,
Partisanship,
Preference,
